{
 "name": "ModI18N",
 "version": "5.0.2a",
 "styleFileList": [
  "css-base-i18n-fix.css"
 ],
 "scriptFileList_earlyload": [
  "dist/earlyload/earlyload.js"
 ],
 "scriptFileList_inject_early": [
  "patch-formatList.js",
  "dist/i18nLoad.js"
 ],
 "scriptFileList_preload": [
  "dist/preload/preload.js"
 ],
 "scriptFileList": [],
 "tweeFileList": [],
 "imgFileList": [
  "img/misc/locations/banner/banner_snow.png",
  "img/misc/locations/banner/banner_snow2.png",
  "img/misc/locations/banner/banner_snow_blood.png",
  "img/misc/locations/banner/banner_tentacles_1.png",
  "img/misc/locations/banner/banner_tentacles_2.png",
  "img/misc/locations/banner/banner_tentacles_3.png",
  "img/misc/locations/banner/banner_tentacles_4.png",
  "img/misc/locations/banner/banner_tentacles_5.png",
  "img/misc/locations/banner/banner_tentacles_bloodmoon_1.png",
  "img/misc/locations/banner/banner_tentacles_bloodmoon_2.png",
  "img/misc/locations/banner/banner_tentacles_bloodmoon_3.png",
  "img/misc/locations/banner/banner_tentacles_bloodmoon_4.png",
  "img/misc/locations/banner/banner_tentacles_bloodmoon_5.png",
  "img/misc/locations/banner/bm_banner1.png",
  "img/misc/locations/banner/ice.png",
  "img/misc/locations/banner/reflective.png",
  "img/misc/locations/banner/snow.png",
  "img/misc/locations/banner/water.png",
  "img/misc/old/banner.png"
 ],
 "additionFile": [
  "README.md",
  "i18n.json"
 ],
 "addonPlugin": [
  {
   "modName": "ModLoader DoL ImageLoaderHook",
   "addonName": "ImageLoaderAddon",
   "modVersion": "^2.3.0",
   "params": []
  },
  {
   "modName": "ImageLoaderHook2BeautySelectorAddon",
   "addonName": "ImageLoaderHook2BeautySelectorAddon",
   "modVersion": "^1.0.0",
   "params": {
    "dontCovertMe": true
   }
  }
 ],
 "dependenceInfo": [
  {
   "modName": "ModLoader",
   "version": "^2.31.2"
  },
  {
   "modName": "GameVersion",
   "version": "=0.5.7.9"
  },
  {
   "modName": "ModLoader DoL ImageLoaderHook",
   "version": "^2.3.0"
  }
 ]
}